"","ASV","surface_water","100m_water","bottom_water","sediment"
"27","ASV28",0,0,255,263302
"72","ASV77",0,0,100,104469
"76","ASV81",0,0,190,110355
"91","ASV98",0,0,34221,38529
"122","ASV131",0,0,5,41255
"136","ASV146",0,0,20,39955
"141","ASV151",0,0,944,37447
"146","ASV157",0,0,129,32576
"157","ASV168",0,0,412,32484
"165","ASV177",0,0,45,26742
"170","ASV182",0,0,478,26525
"176","ASV190",0,0,134,22676
"182","ASV197",0,0,5,21721
"194","ASV210",0,0,18,20747
"196","ASV212",0,0,52,19692
"201","ASV217",0,0,1050,18045
"211","ASV229",0,0,36,17775
"213","ASV231",0,0,128,17393
"224","ASV244",0,0,4,18369
"235","ASV255",0,0,866,14540
"244","ASV264",0,0,5,16675
"253","ASV273",0,0,5,14090
"256","ASV276",0,0,475,13455
"266","ASV287",0,0,6,13107
"271","ASV293",0,0,407,12340
"276","ASV299",0,0,57,12276
"277","ASV300",0,0,16,12631
"283","ASV306",0,0,323,11591
"284","ASV307",0,0,148,11774
"291","ASV315",0,0,15335,480
"295","ASV319",0,0,1,11480
"296","ASV320",0,0,140,11178
"298","ASV322",0,0,30,10671
"301","ASV325",0,0,57,10596
"308","ASV332",0,0,4188,6659
"311","ASV335",0,0,903,9197
"314","ASV338",0,0,36,10137
"316","ASV340",0,0,13,10530
"329","ASV354",0,0,2,11081
"331","ASV356",0,0,40,9626
"340","ASV365",0,0,221,8874
"348","ASV378",0,0,7,8356
"352","ASV383",0,0,1581,6645
"354","ASV385",0,0,137,9873
"355","ASV386",0,0,810,8221
"360","ASV391",0,0,8,8444
"365","ASV397",0,0,2933,4887
"368","ASV401",0,0,7,9995
"370","ASV403",0,0,176,7502
"376","ASV409",0,0,2329,5271
"380","ASV413",0,0,16,7383
"393","ASV426",0,0,2,7104
"394","ASV427",0,0,1,7186
"395","ASV428",0,0,7,7139
"401","ASV434",0,0,2,7032
"418","ASV454",0,0,9,6491
"421","ASV457",0,0,35,6492
"423","ASV459",0,0,36,6571
"425","ASV462",0,0,967,5610
"441","ASV478",0,0,8,6323
"442","ASV479",0,0,1,6057
"448","ASV485",0,0,3655,2372
"449","ASV486",0,0,252,5739
"451","ASV488",0,0,46,5910
"455","ASV494",0,0,38,5748
"457","ASV496",0,0,10,6463
"458","ASV497",0,0,1057,4669
"469","ASV511",0,0,742,4833
"470","ASV512",0,0,183,5354
"473","ASV515",0,0,99,5432
"477","ASV519",0,0,769,4645
"478","ASV520",0,0,14,5428
"486","ASV528",0,0,680,4533
"490","ASV532",0,0,2,5174
"504","ASV548",0,0,248,4718
"505","ASV549",0,0,78,4886
"512","ASV557",0,0,9,4812
"520","ASV565",0,0,2732,2039
"523","ASV569",0,0,1859,2851
"532","ASV580",0,0,2350,2242
"534","ASV584",0,0,1,4503
"535","ASV585",0,0,12,4601
"545","ASV598",0,0,212,4096
"547","ASV600",0,0,2,4326
"550","ASV603",0,0,7,4253
"580","ASV643",0,0,10,3804
"588","ASV653",0,0,2211,1518
"600","ASV665",0,0,61,3572
"602","ASV668",0,0,3,3874
"606","ASV672",0,0,2231,1375
"610","ASV676",0,0,472,3207
"621","ASV687",0,0,6,3728
"622","ASV688",0,0,341,3045
"629","ASV697",0,0,2,3473
"633","ASV702",0,0,10,3293
"634","ASV703",0,0,1,3290
"637","ASV706",0,0,15,3237
"640","ASV709",0,0,2,3227
"641","ASV710",0,0,422,2801
"642","ASV711",0,0,482,2725
"646","ASV716",0,0,829,2355
"647","ASV717",0,0,2364,819
"648","ASV719",0,0,12,3146
"657","ASV731",0,0,1151,1917
"660","ASV734",0,0,11,2972
"663","ASV737",0,0,49,2972
"669","ASV745",0,0,68,2918
"678","ASV756",0,0,161,2754
"685","ASV765",0,0,5468,829
"686","ASV766",0,0,900,1959
"687","ASV768",0,0,320,2759
"688","ASV769",0,0,2834,12
"690","ASV771",0,0,2766,72
"696","ASV780",0,0,113,2663
"697","ASV781",0,0,10,2765
"702","ASV787",0,0,203,2557
"705","ASV790",0,0,27,2685
"708","ASV794",0,0,2369,326
"710","ASV796",0,0,3,2760
"720","ASV810",0,0,189,2467
"721","ASV811",0,0,29,3283
"722","ASV812",0,0,1091,1634
"728","ASV819",0,0,10,2597
"729","ASV821",0,0,53,2546
"731","ASV823",0,0,88,2543
"733","ASV826",0,0,7,3063
"735","ASV828",0,0,1,2925
"737","ASV830",0,0,2,2560
"743","ASV837",0,0,1037,1497
"745","ASV840",0,0,319,2199
"748","ASV843",0,0,24,2477
"749","ASV845",0,0,146,2351
"750","ASV846",0,0,1275,1217
"753","ASV849",0,0,105,2369
"766","ASV862",0,0,68,2357
"767","ASV864",0,0,3,2418
"770","ASV868",0,0,2985,367
"772","ASV870",0,0,1,2708
"773","ASV871",0,0,2364,28
"776","ASV875",0,0,12,2359
"777","ASV876",0,0,203,2166
"782","ASV882",0,0,2,2350
"785","ASV886",0,0,29,2307
"787","ASV888",0,0,129,2866
"789","ASV891",0,0,4,2592
"790","ASV892",0,0,335,2420
"791","ASV893",0,0,1872,432
"803","ASV906",0,0,1140,1123
"804","ASV907",0,0,2107,118
"808","ASV913",0,0,8,2227
"815","ASV922",0,0,22,2162
"816","ASV923",0,0,8,2206
"820","ASV930",0,0,389,1763
"821","ASV931",0,0,1306,828
"822","ASV932",0,0,315,1918
"823","ASV933",0,0,785,1347
"824","ASV934",0,0,338,1788
"825","ASV935",0,0,287,1819
"834","ASV945",0,0,35,2059
"839","ASV952",0,0,354,2357
"841","ASV955",0,0,21,2054
"845","ASV962",0,0,190,2150
"852","ASV970",0,0,213,1818
"854","ASV972",0,0,94,1937
"856","ASV974",0,0,1240,774
"858","ASV976",0,0,48,1968
"859","ASV977",0,0,1612,399
"860","ASV979",0,0,83,2003
"865","ASV986",0,0,236,1802
"876","ASV1002",0,0,878,1052
"881","ASV1007",0,0,1,1952
"886","ASV1013",0,0,711,1196
"890","ASV1019",0,0,25,1856
"904","ASV1041",0,0,741,1060
"905","ASV1042",0,0,74,1723
"917","ASV1057",0,0,165,1586
"921","ASV1062",0,0,115,1609
"923","ASV1066",0,0,5,1726
"924","ASV1067",0,0,20,1725
"927","ASV1076",0,0,1588,47
"936","ASV1087",0,0,164,1880
"937","ASV1088",0,0,337,1348
"946","ASV1098",0,0,28,1647
"949","ASV1103",0,0,5,1692
"954","ASV1109",0,0,10,1631
"959","ASV1114",0,0,5,1629
"960","ASV1119",0,0,7,1620
"972","ASV1134",0,0,7,1586
"979","ASV1142",0,0,164,1416
"984","ASV1149",0,0,6,1561
"985","ASV1150",0,0,907,658
"990","ASV1155",0,0,6,1544
"996","ASV1162",0,0,4,2008
"998","ASV1164",0,0,619,914
"999","ASV1165",0,0,1301,220
"1004","ASV1174",0,0,148,1365
"1011","ASV1181",0,0,58,1438
"1013","ASV1183",0,0,1,1645
"1018","ASV1188",0,0,129,1473
"1021","ASV1191",0,0,318,1162
"1022","ASV1192",0,0,61,1695
"1024","ASV1194",0,0,2,1591
"1026","ASV1196",0,0,73,1456
"1027","ASV1198",0,0,3,1497
"1033","ASV1204",0,0,5,1454
"1035","ASV1206",0,0,506,955
"1039","ASV1211",0,0,1,1449
"1048","ASV1220",0,0,1404,30
"1057","ASV1229",0,0,4,1421
"1059","ASV1231",0,0,699,725
"1067","ASV1240",0,0,19,1392
"1071","ASV1244",0,0,1272,134
"1078","ASV1252",0,0,1,1412
"1083","ASV1257",0,0,15,1409
"1086","ASV1260",0,0,1,1415
"1088","ASV1263",0,0,14,1350
"1093","ASV1270",0,0,82,1558
"1097","ASV1274",0,0,921,408
"1098","ASV1275",0,0,4,1601
"1107","ASV1288",0,0,85,1215
"1116","ASV1301",0,0,32,1247
"1120","ASV1305",0,0,338,940
"1123","ASV1309",0,0,1033,236
"1136","ASV1324",0,0,19,1417
"1137","ASV1325",0,0,8,1369
"1141","ASV1329",0,0,63,1086
"1142","ASV1330",0,0,9,1233
"1151","ASV1345",0,0,40,1181
"1157","ASV1353",0,0,175,1039
"1161","ASV1358",0,0,575,629
"1162","ASV1359",0,0,2,1247
"1167","ASV1365",0,0,1089,108
"1172","ASV1372",0,0,1,1179
"1178","ASV1381",0,0,1109,51
"1179","ASV1383",0,0,25,1137
"1181","ASV1386",0,0,12,1146
"1183","ASV1388",0,0,51,1108
"1184","ASV1389",0,0,587,570
"1188","ASV1395",0,0,4,1169
"1191","ASV1399",0,0,986,231
"1198","ASV1415",0,0,121,1057
"1199","ASV1416",0,0,34,1129
"1202","ASV1421",0,0,175,1115
"1208","ASV1430",0,0,50,1056
"1212","ASV1434",0,0,739,374
"1218","ASV1442",0,0,3,1092
"1220","ASV1444",0,0,6,1260
"1221","ASV1446",0,0,767,321
"1222","ASV1447",0,0,9,1376
"1223","ASV1449",0,0,253,832
"1229","ASV1459",0,0,64,1002
"1232","ASV1462",0,0,1,1060
"1233","ASV1463",0,0,316,747
"1239","ASV1474",0,0,358,682
"1241","ASV1476",0,0,13,1044
"1242","ASV1479",0,0,359,676
"1248","ASV1488",0,0,127,904
"1249","ASV1489",0,0,40,991
"1252","ASV1493",0,0,1053,8
"1258","ASV1501",0,0,275,769
"1260","ASV1503",0,0,8,1007
"1265","ASV1510",0,0,240,766
"1266","ASV1512",0,0,179,825
"1277","ASV1524",0,0,75,910
"1278","ASV1525",0,0,376,615
"1282","ASV1531",0,0,62,925
"1283","ASV1532",0,0,3,1374
"1289","ASV1539",0,0,40,943
"1291","ASV1541",0,0,52,930
"1292","ASV1542",0,0,1101,7
"1295","ASV1545",0,0,6,973
"1300","ASV1552",0,0,667,308
"1304","ASV1557",0,0,557,410
"1305","ASV1558",0,0,2,965
"1307","ASV1560",0,0,16,947
"1311","ASV1565",0,0,751,201
"1318","ASV1576",0,0,11,931
"1322","ASV1583",0,0,858,77
"1328","ASV1591",0,0,921,10
"1332","ASV1596",0,0,86,836
"1334","ASV1598",0,0,194,726
"1335","ASV1599",0,0,76,1204
"1350","ASV1617",0,0,7,933
"1351","ASV1619",0,0,75,817
"1356","ASV1628",0,0,393,652
"1357","ASV1629",0,0,1,885
"1360","ASV1632",0,0,460,427
"1361","ASV1633",0,0,3,884
"1365","ASV1638",0,0,74,807
"1368","ASV1642",0,0,3,925
"1372","ASV1647",0,0,20,854
"1380","ASV1657",0,0,805,63
"1401","ASV1685",0,0,57,787
"1402","ASV1687",0,0,21,836
"1406","ASV1693",0,0,693,145
"1407","ASV1695",0,0,286,551
"1409","ASV1697",0,0,196,638
"1412","ASV1700",0,0,138,694
"1414","ASV1702",0,0,3,828
"1420","ASV1712",0,0,30,791
"1423","ASV1716",0,0,3,833
"1424","ASV1717",0,0,5,813
"1425","ASV1718",0,0,644,257
"1427","ASV1721",0,0,698,115
"1433","ASV1731",0,0,1,872
"1434","ASV1732",0,0,42,764
"1438","ASV1737",0,0,560,447
"1439","ASV1738",0,0,2,808
"1442","ASV1741",0,0,26,775
"1446","ASV1748",0,0,77,714
"1454","ASV1759",0,0,107,800
"1455","ASV1760",0,0,2,862
"1457","ASV1762",0,0,339,475
"1464","ASV1771",0,0,141,690
"1466","ASV1773",0,0,5,769
"1468","ASV1775",0,0,134,637
"1470","ASV1777",0,0,325,442
"1476","ASV1786",0,0,148,614
"1478","ASV1789",0,0,317,476
"1482","ASV1797",0,0,39,708
"1487","ASV1802",0,0,377,369
"1489","ASV1804",0,0,18,727
"1500","ASV1821",0,0,16,711
"1503","ASV1824",0,0,6,783
"1509","ASV1833",0,0,7,730
"1513","ASV1837",0,0,7,711
"1515","ASV1842",0,0,388,326
"1524","ASV1855",0,0,3,706
"1526","ASV1861",0,0,440,262
"1531","ASV1869",0,0,18,681
"1539","ASV1878",0,0,210,485
"1541","ASV1880",0,0,181,512
"1542","ASV1881",0,0,35,652
"1546","ASV1886",0,0,624,65
"1557","ASV1902",0,0,32,648
"1561","ASV1912",0,0,45,628
"1565","ASV1917",0,0,73,593
"1566","ASV1919",0,0,2,662
"1575","ASV1932",0,0,601,54
"1577","ASV1935",0,0,7,649
"1579","ASV1938",0,0,166,488
"1580","ASV1939",0,0,1,700
"1581","ASV1940",0,0,9,624
"1585","ASV1945",0,0,41,610
"1586","ASV1946",0,0,608,43
"1603","ASV1971",0,0,68,569
"1606","ASV1974",0,0,284,392
"1610","ASV1979",0,0,167,646
"1613","ASV1982",0,0,605,28
"1615","ASV1986",0,0,30,600
"1629","ASV2006",0,0,557,245
"1630","ASV2007",0,0,1,628
"1638","ASV2016",0,0,54,563
"1650","ASV2033",0,0,480,130
"1651","ASV2034",0,0,73,537
"1658","ASV2045",0,0,528,165
"1660","ASV2049",0,0,456,144
"1662","ASV2051",0,0,1,625
"1666","ASV2058",0,0,6,589
"1678","ASV2078",0,0,360,225
"1688","ASV2092",0,0,6,571
"1694","ASV2100",0,0,248,324
"1697","ASV2104",0,0,121,448
"1698","ASV2105",0,0,3,578
"1700","ASV2108",0,0,22,580
"1704","ASV2112",0,0,4,561
"1708","ASV2116",0,0,547,16
"1710","ASV2120",0,0,262,298
"1714","ASV2126",0,0,88,465
"1719","ASV2131",0,0,1,643
"1724","ASV2138",0,0,10,536
"1730","ASV2144",0,0,12,562
"1736","ASV2154",0,0,413,129
"1742","ASV2161",0,0,39,501
"1747","ASV2167",0,0,84,453
"1749","ASV2169",0,0,392,146
"1752","ASV2174",0,0,1,535
"1755","ASV2178",0,0,519,15
"1756","ASV2180",0,0,469,64
"1757","ASV2181",0,0,492,41
"1763","ASV2190",0,0,431,99
"1764","ASV2191",0,0,454,76
"1770","ASV2200",0,0,403,123
"1776","ASV2209",0,0,433,88
"1778","ASV2211",0,0,106,440
"1786","ASV2223",0,0,16,500
"1788","ASV2227",0,0,51,524
"1791","ASV2232",0,0,3,511
"1793","ASV2235",0,0,12,499
"1797","ASV2240",0,0,24,482
"1807","ASV2254",0,0,2,502
"1823","ASV2282",0,0,99,432
"1825","ASV2284",0,0,442,49
"1835","ASV2304",0,0,330,235
"1840","ASV2312",0,0,149,367
"1844","ASV2316",0,0,87,393
"1845","ASV2317",0,0,7,473
"1846","ASV2319",0,0,19,461
"1847","ASV2320",0,0,2,477
"1848","ASV2321",0,0,1,475
"1849","ASV2322",0,0,447,27
"1857","ASV2332",0,0,1,474
"1859","ASV2334",0,0,57,418
"1870","ASV2347",0,0,4,468
"1873","ASV2354",0,0,17,454
"1877","ASV2359",0,0,73,395
"1878","ASV2360",0,0,37,431
"1881","ASV2365",0,0,59,408
"1887","ASV2378",0,0,15,447
"1892","ASV2388",0,0,332,127
"1897","ASV2402",0,0,394,58
"1898","ASV2405",0,0,6,444
"1899","ASV2406",0,0,43,556
"1905","ASV2416",0,0,69,449
"1915","ASV2433",0,0,81,358
"1920","ASV2439",0,0,3,514
"1928","ASV2449",0,0,1,434
"1930","ASV2453",0,0,36,394
"1931","ASV2454",0,0,134,517
"1935","ASV2459",0,0,14,419
"1944","ASV2473",0,0,37,392
"1945","ASV2475",0,0,62,399
"1953","ASV2489",0,0,143,281
"1963","ASV2503",0,0,281,137
"1968","ASV2512",0,0,122,295
"1972","ASV2518",0,0,2,413
"1978","ASV2530",0,0,3,410
"1981","ASV2534",0,0,294,117
"1993","ASV2554",0,0,92,312
"1995","ASV2558",0,0,140,264
"2000","ASV2568",0,0,370,30
"2007","ASV2576",0,0,241,157
"2010","ASV2581",0,0,16,381
"2011","ASV2582",0,0,54,343
"2014","ASV2587",0,0,20,375
"2015","ASV2588",0,0,4,391
"2016","ASV2589",0,0,98,297
"2026","ASV2609",0,0,322,66
"2028","ASV2612",0,0,1,385
"2030","ASV2617",0,0,45,339
"2040","ASV2633",0,0,17,364
"2044","ASV2637",0,0,24,354
"2060","ASV2657",0,0,2,374
"2061","ASV2659",0,0,146,230
"2074","ASV2679",0,0,165,206
"2076","ASV2681",0,0,67,303
"2081","ASV2688",0,0,236,130
"2084","ASV2695",0,0,13,353
"2087","ASV2699",0,0,333,32
"2088","ASV2700",0,0,125,240
"2092","ASV2705",0,0,360,4
"2095","ASV2710",0,0,1,362
"2097","ASV2715",0,0,6,356
"2102","ASV2723",0,0,13,348
"2107","ASV2728",0,0,4,355
"2109","ASV2730",0,0,234,124
"2111","ASV2732",0,0,48,310
"2116","ASV2739",0,0,103,254
"2121","ASV2747",0,0,168,187
"2131","ASV2771",0,0,102,335
"2135","ASV2775",0,0,40,328
"2136","ASV2777",0,0,225,123
"2147","ASV2795",0,0,36,309
"2154","ASV2804",0,0,10,333
"2185","ASV2859",0,0,11,321
"2191","ASV2865",0,0,123,207
"2194","ASV2870",0,0,10,319
"2204","ASV2888",0,0,1,323
"2218","ASV2916",0,0,103,252
"2219","ASV2917",0,0,235,90
"2220","ASV2920",0,0,295,49
"2230","ASV2935",0,0,206,109
"2244","ASV2960",0,0,292,19
"2249","ASV2967",0,0,1,309
"2256","ASV2979",0,0,20,297
"2257","ASV2981",0,0,128,179
"2261","ASV2987",0,0,24,287
"2263","ASV2992",0,0,2,303
"2274","ASV3017",0,0,177,121
"2278","ASV3024",0,0,25,272
"2279","ASV3025",0,0,15,282
"2297","ASV3053",0,0,203,89
"2302","ASV3059",0,0,27,264
"2322","ASV3097",0,0,45,237
"2332","ASV3116",0,0,216,64
"2333","ASV3117",0,0,114,166
"2338","ASV3122",0,0,217,63
"2345","ASV3130",0,0,9,269
"2361","ASV3158",0,0,6,266
"2367","ASV3172",0,0,74,197
"2377","ASV3191",0,0,45,222
"2379","ASV3197",0,0,261,6
"2387","ASV3207",0,0,57,207
"2392","ASV3217",0,0,25,294
"2401","ASV3238",0,0,62,196
"2404","ASV3242",0,0,192,67
"2408","ASV3253",0,0,3,368
"2409","ASV3256",0,0,239,17
"2415","ASV3268",0,0,181,148
"2418","ASV3274",0,0,10,244
"2430","ASV3293",0,0,130,120
"2431","ASV3294",0,0,91,159
"2435","ASV3301",0,0,26,224
"2438","ASV3304",0,0,234,15
"2453","ASV3332",0,0,89,156
"2455","ASV3334",0,0,104,141
"2460","ASV3349",0,0,10,233
"2464","ASV3356",0,0,3,239
"2465","ASV3359",0,0,79,163
"2467","ASV3362",0,0,13,228
"2470","ASV3367",0,0,144,97
"2472","ASV3369",0,0,23,217
"2477","ASV3376",0,0,228,11
"2483","ASV3384",0,0,1,237
"2495","ASV3404",0,0,5,229
"2509","ASV3426",0,0,353,44
"2523","ASV3453",0,0,30,195
"2537","ASV3479",0,0,172,49
"2542","ASV3488",0,0,55,165
"2544","ASV3492",0,0,1,219
"2545","ASV3496",0,0,86,133
"2548","ASV3505",0,0,163,55
"2557","ASV3520",0,0,1,215
"2565","ASV3543",0,0,10,203
"2566","ASV3544",0,0,37,191
"2573","ASV3554",0,0,9,203
"2581","ASV3569",0,0,163,90
"2588","ASV3581",0,0,138,70
"2589","ASV3586",0,0,138,70
"2590","ASV3587",0,0,187,20
"2594","ASV3596",0,0,4,202
"2604","ASV3608",0,0,147,58
"2605","ASV3613",0,0,4,200
"2610","ASV3624",0,0,2,236
"2622","ASV3640",0,0,170,31
"2633","ASV3658",0,0,48,175
"2639","ASV3664",0,0,33,163
"2640","ASV3665",0,0,125,72
"2648","ASV3674",0,0,88,109
"2649","ASV3675",0,0,81,116
"2653","ASV3687",0,0,1,194
"2657","ASV3691",0,0,1,194
"2670","ASV3721",0,0,143,48
"2676","ASV3733",0,0,3,187
"2677","ASV3739",0,0,137,52
"2681","ASV3748",0,0,110,103
"2682","ASV3750",0,0,169,19
"2686","ASV3755",0,0,130,58
"2707","ASV3801",0,0,27,155
"2721","ASV3834",0,0,132,85
"2723","ASV3839",0,0,169,7
"2727","ASV3849",0,0,125,52
"2731","ASV3854",0,0,71,106
"2734","ASV3861",0,0,128,48
"2735","ASV3862",0,0,27,149
"2736","ASV3863",0,0,4,172
"2741","ASV3868",0,0,16,216
"2754","ASV3896",0,0,18,155
"2757","ASV3902",0,0,117,55
"2793","ASV3979",0,0,33,131
"2800","ASV3987",0,0,143,21
"2805","ASV3996",0,0,153,10
"2806","ASV3997",0,0,76,87
"2823","ASV4037",0,0,54,106
"2832","ASV4059",0,0,142,16
"2841","ASV4074",0,0,146,10
"2842","ASV4075",0,0,143,47
"2851","ASV4091",0,0,6,149
"2852","ASV4092",0,0,29,126
"2856","ASV4100",0,0,25,130
"2876","ASV4142",0,0,2,150
"2882","ASV4153",0,0,13,138
"2887","ASV4160",0,0,26,125
"2896","ASV4182",0,0,72,77
"2897","ASV4188",0,0,20,250
"2900","ASV4195",0,0,1,147
"2905","ASV4201",0,0,4,144
"2924","ASV4229",0,0,129,17
"2926","ASV4235",0,0,122,23
"2939","ASV4255",0,0,1,143
"2953","ASV4286",0,0,2,161
"2954","ASV4288",0,0,125,17
"2979","ASV4342",0,0,119,19
"2980","ASV4343",0,0,53,85
"2982","ASV4348",0,0,60,78
"2984","ASV4352",0,0,17,121
"2995","ASV4385",0,0,6,129
"3002","ASV4401",0,0,1,133
"3005","ASV4410",0,0,67,66
"3006","ASV4411",0,0,31,102
"3015","ASV4430",0,0,1,150
"3016","ASV4433",0,0,69,90
"3018","ASV4436",0,0,43,105
"3038","ASV4492",0,0,121,7
"3044","ASV4501",0,0,33,184
"3046","ASV4508",0,0,2,125
"3054","ASV4535",0,0,151,27
"3073","ASV4572",0,0,82,41
"3097","ASV4615",0,0,60,60
"3109","ASV4640",0,0,109,9
"3129","ASV4687",0,0,23,92
"3134","ASV4701",0,0,63,51
"3142","ASV4723",0,0,7,106
"3147","ASV4742",0,0,24,88
"3149","ASV4751",0,0,22,89
"3169","ASV4793",0,0,6,103
"3174","ASV4804",0,0,46,62
"3180","ASV4821",0,0,8,99
"3190","ASV4850",0,0,11,94
"3195","ASV4860",0,0,7,98
"3203","ASV4878",0,0,35,69
"3210","ASV4894",0,0,6,121
"3221","ASV4928",0,0,31,69
"3231","ASV4952",0,0,10,90
"3265","ASV5025",0,0,3,94
"3267","ASV5033",0,0,47,49
"3271","ASV5040",0,0,1,95
"3280","ASV5067",0,0,8,87
"3284","ASV5088",0,0,20,74
"3287","ASV5097",0,0,68,25
"3303","ASV5151",0,0,21,70
"3304","ASV5152",0,0,37,54
"3329","ASV5211",0,0,2,87
"3331","ASV5216",0,0,4,85
"3338","ASV5238",0,0,80,8
"3358","ASV5316",0,0,30,55
"3359","ASV5318",0,0,19,66
"3369","ASV5349",0,0,1,83
"3383","ASV5398",0,0,16,66
"3384","ASV5399",0,0,6,76
"3390","ASV5413",0,0,2,80
"3411","ASV5470",0,0,72,8
"3417","ASV5482",0,0,7,73
"3418","ASV5485",0,0,32,48
"3419","ASV5487",0,0,14,66
"3427","ASV5530",0,0,11,67
"3434","ASV5561",0,0,3,74
"3445","ASV5603",0,0,60,15
"3451","ASV5629",0,0,38,36
"3458","ASV5644",0,0,23,51
"3461","ASV5656",0,0,58,15
"3462","ASV5657",0,0,59,14
"3485","ASV5746",0,0,30,41
"3500","ASV5784",0,0,9,61
"3518","ASV5868",0,0,58,9
"3519","ASV5874",0,0,21,45
"3521","ASV5885",0,0,1,65
"3524","ASV5892",0,0,1,65
"3526","ASV5898",0,0,22,44
"3527","ASV5903",0,0,30,36
"3536","ASV5948",0,0,38,26
"3537","ASV5949",0,0,32,32
"3538","ASV5950",0,0,35,29
"3571","ASV6055",0,0,41,21
"3579","ASV6100",0,0,49,11
"3584","ASV6115",0,0,11,49
"3597","ASV6161",0,0,39,20
"3598","ASV6176",0,0,49,9
"3604","ASV6201",0,0,19,39
"3609","ASV6213",0,0,7,51
"3620","ASV6265",0,0,27,47
"3631","ASV6299",0,0,37,19
"3634","ASV6310",0,0,18,37
"3639","ASV6327",0,0,5,50
"3652","ASV6407",0,0,25,28
"3655","ASV6430",0,0,5,47
"3656","ASV6432",0,0,43,20
"3676","ASV6519",0,0,15,36
"3686","ASV6585",0,0,23,26
"3691","ASV6598",0,0,28,21
"3698","ASV6614",0,0,5,44
"3703","ASV6639",0,0,9,39
"3708","ASV6652",0,0,24,24
"3717","ASV6678",0,0,41,6
"3726","ASV6722",0,0,18,29
"3727","ASV6736",0,0,39,6
"3728","ASV6739",0,0,24,22
"3744","ASV6795",0,0,32,13
"3752","ASV6854",0,0,25,19
"3759","ASV6870",0,0,3,41
"3775","ASV6957",0,0,6,36
"3789","ASV7007",0,0,9,33
"3794","ASV7035",0,0,1,40
"3797","ASV7047",0,0,9,32
"3809","ASV7193",0,0,15,24
"3814","ASV7238",0,0,23,15
"3816","ASV7265",0,0,18,19
"3824","ASV7352",0,0,14,22
"3825","ASV7359",0,0,12,24
"3835","ASV7410",0,0,7,28
"3839","ASV7459",0,0,9,25
"3847","ASV7540",0,0,18,15
"3856","ASV7591",0,0,15,18
"3869","ASV7712",0,0,24,7
"3876","ASV7795",0,0,7,23
"3879","ASV7828",0,0,14,15
"3883","ASV7844",0,0,15,14
"3917","ASV8166",0,0,7,18
"3918","ASV8169",0,0,15,10
"3920","ASV8197",0,0,20,5
"3924","ASV8257",0,0,12,12
"3925","ASV8296",0,0,3,20
"3937","ASV8403",0,0,6,16
"3947","ASV8514",0,0,11,10
"3955","ASV8577",0,0,6,14
"3970","ASV8769",0,0,4,15
"3985","ASV8985",0,0,11,5
"3993","ASV9096",0,0,9,6
"4006","ASV9337",0,0,3,10
"4011","ASV9393",0,0,6,7
"4014","ASV9458",0,0,7,5
"25","ASV26",0,1,7581,288585
"37","ASV39",0,25,750,191547
"43","ASV45",0,358,136392,26966
"53","ASV57",0,567,16261,111874
"55","ASV60",0,384,2355,118378
"62","ASV67",0,441,123260,2561
"68","ASV73",0,237,386,104205
"77","ASV82",0,42,58442,35822
"82","ASV87",0,69,86385,983
"88","ASV95",0,37,75099,6818
"104","ASV113",0,33674,21175,885
"119","ASV128",0,56,1173,44482
"120","ASV129",0,1881,2587,37920
"128","ASV138",0,21,37100,1416
"132","ASV142",0,14,1294,36476
"134","ASV144",0,6,2825,34909
"140","ASV150",0,12623,9646,13084
"149","ASV160",0,3,31092,2262
"159","ASV170",0,11,4240,25192
"162","ASV174",0,20,27757,324
"164","ASV176",0,193,1053,26161
"181","ASV196",0,6,9267,12860
"185","ASV200",0,19,12629,8128
"190","ASV206",0,14,1972,17894
"199","ASV215",0,1465,1110,16337
"204","ASV221",0,237,610,17645
"206","ASV224",0,72,3271,14726
"215","ASV233",0,878,12058,4292
"222","ASV242",0,42,16282,792
"227","ASV247",0,10,2131,14171
"229","ASV249",0,78,7078,8929
"230","ASV250",0,16,7296,9519
"238","ASV258",0,210,1826,13377
"239","ASV259",0,622,10520,3966
"243","ASV263",0,40,12072,2669
"254","ASV274",0,23,12176,2292
"259","ASV279",0,6,2968,10456
"262","ASV282",0,12,1739,11575
"265","ASV286",0,6066,1293,5689
"269","ASV290",0,1,12245,540
"275","ASV298",0,9854,2418,95
"285","ASV308",0,26,5020,6972
"289","ASV313",0,1,1272,10601
"290","ASV314",0,2930,8055,1471
"293","ASV317",0,1,912,9990
"317","ASV341",0,37,6910,2909
"322","ASV347",0,10,264,9387
"326","ASV351",0,552,3714,5246
"327","ASV352",0,4360,4939,74
"333","ASV358",0,313,8547,579
"336","ASV361",0,4721,1259,3158
"337","ASV362",0,251,8859,27
"347","ASV377",0,10,3240,5210
"349","ASV379",0,4483,2663,1173
"350","ASV381",0,1,4848,3544
"351","ASV382",0,343,197,8848
"367","ASV400",0,2,33,7803
"371","ASV404",0,434,5068,2608
"373","ASV406",0,4682,2529,407
"374","ASV407",0,906,1104,5593
"379","ASV412",0,2,269,7198
"384","ASV417",0,2655,121,4491
"388","ASV421",0,24,1150,6048
"396","ASV429",0,1,8834,161
"400","ASV433",0,8,7366,917
"404","ASV438",0,16,4366,2408
"408","ASV443",0,134,3885,2610
"409","ASV444",0,3,121,6624
"419","ASV455",0,1,1121,5692
"420","ASV456",0,5,390,6194
"422","ASV458",0,5006,10,2785
"427","ASV464",0,3,3064,3193
"432","ASV469",0,217,180,5819
"438","ASV475",0,18,6163,191
"439","ASV476",0,43,185,5810
"444","ASV481",0,6,4538,1644
"445","ASV482",0,16,1000,5201
"447","ASV484",0,257,2479,3377
"462","ASV502",0,141,719,4755
"464","ASV505",0,5922,750,599
"483","ASV525",0,10,95,5348
"487","ASV529",0,6,4779,878
"491","ASV533",0,1214,285,3668
"496","ASV539",0,4305,484,328
"497","ASV540",0,43,186,4771
"501","ASV545",0,9,88,5215
"506","ASV550",0,13,1687,3304
"508","ASV552",0,57,4798,12
"511","ASV555",0,249,3542,1171
"514","ASV559",0,7,4739,84
"521","ASV566",0,3,2769,2034
"524","ASV570",0,158,1674,2767
"528","ASV574",0,274,516,3846
"530","ASV576",0,45,670,3890
"539","ASV590",0,63,411,3841
"543","ASV595",0,3,308,4131
"544","ASV596",0,3,512,3817
"551","ASV604",0,146,3870,269
"552","ASV605",0,1,518,4117
"553","ASV607",0,14,3537,1024
"555","ASV611",0,16,3455,706
"562","ASV618",0,130,2440,1484
"567","ASV623",0,6,526,3554
"570","ASV626",0,1463,8,2636
"574","ASV632",0,1,3817,43
"575","ASV635",0,22,3823,20
"583","ASV646",0,331,225,3321
"589","ASV654",0,46,2397,1303
"591","ASV656",0,16,240,3411
"592","ASV657",0,3,1988,1756
"598","ASV663",0,13,3037,598
"599","ASV664",0,1959,687,988
"601","ASV667",0,2,831,2786
"612","ASV678",0,21,1400,2067
"614","ASV680",0,4,866,2903
"624","ASV691",0,8,1112,2265
"625","ASV692",0,9,3324,36
"635","ASV704",0,2,3034,253
"644","ASV714",0,16,2325,854
"645","ASV715",0,3,1031,2138
"654","ASV727",0,24,4,3096
"659","ASV733",0,167,23,3738
"670","ASV746",0,1,1598,1406
"677","ASV755",0,6,29,2880
"681","ASV759",0,27,174,2670
"700","ASV784",0,4,2592,198
"704","ASV789",0,5,2083,630
"715","ASV804",0,2048,61,556
"717","ASV806",0,2,100,2554
"742","ASV836",0,308,19,2203
"744","ASV839",0,659,676,1657
"746","ASV841",0,16,106,2607
"754","ASV850",0,31,1094,1339
"761","ASV857",0,2,92,2345
"763","ASV859",0,1634,604,227
"778","ASV877",0,29,1854,702
"794","ASV897",0,9,500,1785
"795","ASV898",0,15,771,1507
"797","ASV900",0,182,27,2077
"805","ASV908",0,267,88,2357
"835","ASV946",0,892,1180,21
"847","ASV965",0,2,1026,1007
"861","ASV980",0,2,334,1729
"862","ASV982",0,3,1211,779
"873","ASV996",0,70,43,2127
"874","ASV1000",0,4,556,1761
"884","ASV1011",0,1713,62,135
"891","ASV1020",0,81,82,1652
"897","ASV1030",0,37,32,1724
"898","ASV1031",0,25,1556,243
"901","ASV1036",0,4,1779,27
"907","ASV1044",0,13,1761,138
"908","ASV1045",0,7,1,1781
"914","ASV1053",0,2,786,1191
"922","ASV1065",0,1181,54,496
"925","ASV1073",0,4,322,1388
"941","ASV1092",0,1,870,817
"944","ASV1096",0,120,1166,410
"947","ASV1099",0,21,1620,22
"952","ASV1107",0,222,190,1234
"974","ASV1136",0,1504,216,13
"977","ASV1140",0,15,497,1073
"988","ASV1153",0,364,195,1004
"993","ASV1159",0,932,549,62
"1014","ASV1184",0,21,987,482
"1042","ASV1214",0,42,375,888
"1084","ASV1258",0,10,1,1368
"1101","ASV1278",0,348,698,278
"1114","ASV1299",0,1,1221,47
"1118","ASV1303",0,2,726,701
"1125","ASV1311",0,314,68,883
"1126","ASV1313",0,1,1283,17
"1128","ASV1315",0,14,1232,14
"1145","ASV1336",0,1150,3,79
"1154","ASV1350",0,349,456,407
"1168","ASV1366",0,1,768,424
"1174","ASV1374",0,188,387,601
"1185","ASV1392",0,9,1080,66
"1204","ASV1423",0,355,25,733
"1213","ASV1436",0,1,1073,26
"1226","ASV1455",0,3,4,1130
"1235","ASV1468",0,261,43,824
"1267","ASV1514",0,407,241,355
"1269","ASV1516",0,840,53,121
"1284","ASV1533",0,318,946,112
"1287","ASV1536",0,242,70,671
"1313","ASV1568",0,29,179,743
"1314","ASV1570",0,388,470,92
"1326","ASV1587",0,706,186,53
"1327","ASV1590",0,207,717,8
"1338","ASV1602",0,37,391,488
"1369","ASV1643",0,298,16,563
"1375","ASV1650",0,347,323,73
"1382","ASV1659",0,257,524,73
"1384","ASV1661",0,5,42,818
"1396","ASV1680",0,363,371,140
"1421","ASV1714",0,11,181,628
"1445","ASV1746",0,1,886,13
"1462","ASV1769",0,121,1,654
"1475","ASV1785",0,3,744,15
"1497","ASV1815",0,678,155,68
"1535","ASV1874",0,514,37,146
"1537","ASV1876",0,4,399,291
"1544","ASV1884",0,10,119,574
"1558","ASV1903",0,221,728,18
"1631","ASV2009",0,2,925,68
"1632","ASV2010",0,1,411,207
"1633","ASV2011",0,3,377,238
"1634","ASV2012",0,19,21,578
"1635","ASV2013",0,69,28,520
"1639","ASV2017",0,9,336,271
"1674","ASV2073",0,470,48,81
"1703","ASV2111",0,18,299,343
"1709","ASV2117",0,7,25,483
"1717","ASV2129",0,2,65,479
"1812","ASV2261",0,12,44,444
"1832","ASV2299",0,1,405,80
"1838","ASV2308",0,5,1,478
"1841","ASV2313",0,464,8,11
"1843","ASV2315",0,21,8,434
"1896","ASV2401",0,1,295,157
"1903","ASV2412",0,1,435,11
"1904","ASV2415",0,2,79,549
"1912","ASV2426",0,123,154,166
"1926","ASV2447",0,19,240,176
"1959","ASV2498",0,352,28,42
"1988","ASV2547",0,1,70,337
"1991","ASV2552",0,4,250,172
"1992","ASV2553",0,255,8,155
"2002","ASV2570",0,1,336,62
"2005","ASV2574",0,5,222,172
"2019","ASV2596",0,75,156,159
"2029","ASV2614",0,70,61,226
"2072","ASV2677",0,3,247,120
"2083","ASV2692",0,4,6,357
"2090","ASV2703",0,2,345,18
"2148","ASV2797",0,65,10,269
"2157","ASV2809",0,286,5,51
"2159","ASV2812",0,33,119,145
"2186","ASV2860",0,95,132,135
"2192","ASV2868",0,21,167,141
"2232","ASV2940",0,34,170,110
"2235","ASV2944",0,21,263,29
"2243","ASV2958",0,22,57,232
"2284","ASV3035",0,3,246,79
"2294","ASV3047",0,23,16,281
"2313","ASV3078",0,3,39,245
"2337","ASV3121",0,131,73,76
"2356","ASV3151",0,9,20,241
"2427","ASV3288",0,9,8,234
"2437","ASV3303",0,7,111,131
"2468","ASV3363",0,2,109,130
"2530","ASV3465",0,151,14,59
"2540","ASV3485",0,3,142,75
"2563","ASV3535",0,28,22,164
"2572","ASV3553",0,6,15,191
"2584","ASV3576",0,12,78,119
"2658","ASV3698",0,69,16,109
"2693","ASV3778",0,2,143,40
"2698","ASV3786",0,125,28,30
"2728","ASV3850",0,5,11,161
"2733","ASV3858",0,78,13,96
"2751","ASV3892",0,2,98,73
"2755","ASV3899",0,23,136,13
"2770","ASV3939",0,100,31,37
"2803","ASV3994",0,1,136,27
"2879","ASV4145",0,28,77,47
"2889","ASV4171",0,36,57,57
"2948","ASV4278",0,9,34,37
"3232","ASV4959",0,68,7,24
"3245","ASV4982",0,27,16,38
"3249","ASV4993",0,11,66,21
"3326","ASV5205",0,63,5,21
"3335","ASV5221",0,30,12,31
"3415","ASV5480",0,4,46,30
"3476","ASV5724",0,27,18,26
"3588","ASV6121",0,37,11,12
"3643","ASV6335",0,26,18,11
"3729","ASV6740",0,1,22,23
"3741","ASV6792",0,1,34,10
"3743","ASV6794",0,1,20,24
"3893","ASV7925",0,13,7,8
"3896","ASV7975",0,7,13,7
"3988","ASV9030",0,5,5,6
"155","ASV166",0,34,0,30684
"195","ASV211",0,976,0,18207
"203","ASV220",0,8,0,18513
"346","ASV376",0,8382,0,26
"465","ASV506",0,1656,0,3947
"498","ASV541",0,32,0,7101
"558","ASV614",0,33,0,4104
"817","ASV924",0,18,0,2149
"964","ASV1125",0,1485,0,126
"1017","ASV1187",0,51,0,1441
"1333","ASV1597",0,868,0,54
"1428","ASV1723",0,71,0,741
"1554","ASV1896",0,3,0,694
"1637","ASV2015",0,501,0,116
"1655","ASV2040",0,42,0,564
"1805","ASV2252",0,9,0,495
"1855","ASV2328",0,40,0,471
"2027","ASV2610",0,89,0,298
"2053","ASV2647",0,13,0,440
"2077","ASV2682",0,7,0,362
"2093","ASV2706",0,11,0,353
"2231","ASV2939",0,252,0,62
"2393","ASV3223",0,118,0,142
"2448","ASV3324",0,4,0,242
"2536","ASV3477",0,31,0,191
"2553","ASV3514",0,179,0,38
"2585","ASV3577",0,83,0,126
"2691","ASV3771",0,74,0,112
"2753","ASV3895",0,4,0,169
"2776","ASV3951",0,4,0,163
"2964","ASV4310",0,17,0,123
"3069","ASV4565",0,11,0,112
"3161","ASV4774",0,101,0,18
"3373","ASV5358",0,29,0,55
"3416","ASV5481",0,14,0,66
"3481","ASV5735",0,51,0,20
"3487","ASV5750",0,11,0,60
"3546","ASV5969",0,57,0,7
"3611","ASV6221",0,49,0,8
"3622","ASV6267",0,9,0,47
"3693","ASV6603",0,40,0,9
"3730","ASV6742",0,34,0,12
"3764","ASV6884",0,5,0,39
"3776","ASV6958",0,20,0,22
"3781","ASV6978",0,29,0,13
"3819","ASV7326",0,18,0,18
"3901","ASV8017",0,15,0,12
"3933","ASV8348",0,6,0,17
"3965","ASV8721",0,7,0,12
"4018","ASV9579",0,5,0,6
"1","ASV1",2018529,4258427,538813,77460
"2","ASV2",794772,3191233,1024487,15823
"3","ASV3",76526,479027,950200,188281
"4","ASV4",359797,677643,324609,940
"5","ASV5",144323,81702,507164,8566
"6","ASV6",12088,346171,429155,40840
"7","ASV7",79132,89650,301395,3390
"8","ASV8",38091,141663,148276,274276
"9","ASV9",27,1954,48136,569160
"10","ASV10",148,361,70814,518902
"11","ASV11",64893,5548,12833,432000
"12","ASV12",648,734,399621,53495
"13","ASV13",1464,5470,304379,6455
"14","ASV14",94,55281,317904,42308
"15","ASV15",338431,19993,35447,11884
"16","ASV16",265179,5986,1208,20968
"17","ASV17",22331,217006,149500,4506
"18","ASV18",1053,48335,4636,296424
"19","ASV19",101,1123,46398,317181
"20","ASV20",12487,220330,105768,1190
"21","ASV21",6,1323,293213,8549
"22","ASV22",44872,163936,56195,404
"23","ASV24",269539,389,521,389
"24","ASV25",41017,175648,35854,284
"26","ASV27",34692,140421,66532,12423
"29","ASV30",7763,4889,153224,91033
"30","ASV31",125348,69422,18072,23401
"31","ASV32",178977,2851,7357,65139
"32","ASV33",589,178621,53121,1483
"33","ASV34",8378,179394,22580,1998
"34","ASV35",200568,1167,11850,1602
"35","ASV36",19977,17192,15909,149489
"36","ASV38",453,151923,36328,765
"38","ASV40",242,433,108587,77739
"39","ASV41",188,62594,118319,5063
"40","ASV42",181746,522,30,3354
"41","ASV43",114815,473,20277,43069
"42","ASV44",27864,73569,62706,1478
"45","ASV48",59738,39452,40801,17806
"46","ASV49",1,6,3119,159444
"47","ASV50",53,27652,123201,28003
"48","ASV51",106374,3460,15822,12962
"49","ASV53",22989,26081,10764,87355
"50","ASV54",366,92101,44864,909
"51","ASV55",3,221,111388,23419
"52","ASV56",121,18312,50124,66037
"54","ASV58",12064,53893,28605,34111
"56","ASV61",3,268,110090,10605
"57","ASV62",79491,586,2915,37917
"58","ASV63",192,29488,67526,21214
"59","ASV64",112,35912,62484,18344
"60","ASV65",40,8201,11048,98949
"64","ASV69",55,290,70093,38810
"65","ASV70",179,4329,68451,32672
"66","ASV71",5326,16003,50258,38175
"67","ASV72",34,4871,92616,9631
"69","ASV74",2,250,65431,37928
"70","ASV75",5,257,97496,5146
"71","ASV76",574,14100,4473,78980
"73","ASV78",919,515,89189,8423
"74","ASV79",2,73,95706,3342
"75","ASV80",23422,21865,34352,17094
"78","ASV83",4,43198,47972,295
"80","ASV85",3,74,71977,15821
"81","ASV86",57122,26,1999,28521
"83","ASV90",1,218,49978,33038
"84","ASV91",175,70664,11906,21
"85","ASV92",35118,4764,1250,36471
"86","ASV93",26865,31935,23064,576
"87","ASV94",3,1478,4414,71921
"89","ASV96",19,30831,45879,1072
"90","ASV97",382,54113,10259,8986
"92","ASV100",458,24,59461,13048
"93","ASV101",31,6048,3982,60727
"94","ASV102",1,56,42330,27883
"95","ASV103",5,2907,33333,35267
"96","ASV105",59,25021,41820,3993
"98","ASV107",38065,836,16787,2491
"99","ASV108",9,18158,30068,9762
"100","ASV109",116,45207,11107,653
"101","ASV110",56217,232,1,536
"102","ASV111",1113,1604,27722,24522
"103","ASV112",37590,11284,3530,3459
"106","ASV115",38576,410,9654,17223
"107","ASV116",52232,64,411,352
"108","ASV117",1662,43443,5731,488
"110","ASV119",54,31903,20492,119
"111","ASV120",111,720,33980,17344
"112","ASV121",47308,3,1,2532
"114","ASV123",1869,3538,14872,26977
"115","ASV124",713,25238,19771,337
"116","ASV125",111,981,40607,4451
"118","ASV127",102,103,28859,19821
"121","ASV130",3,12,41622,388
"124","ASV134",39,3729,17465,18458
"126","ASV136",5,1385,27928,9552
"127","ASV137",12170,9948,13924,1740
"129","ASV139",29106,631,2119,5879
"130","ASV140",37516,141,1,52
"133","ASV143",5,134,22077,15365
"135","ASV145",27,57,20246,18170
"137","ASV147",40074,51,6,524
"138","ASV148",89,36515,105,60
"139","ASV149",12,36473,3305,7
"144","ASV154",3248,3523,20098,3150
"145","ASV155",5,894,1115,32161
"147","ASV158",2547,219,2640,27117
"151","ASV162",2,5,2751,31780
"152","ASV163",1738,9,86,29425
"154","ASV165",3,203,20195,32
"156","ASV167",88,12,11236,19032
"158","ASV169",32,106,2026,27589
"160","ASV171",21,960,15271,13754
"161","ASV172",227,6150,6460,12135
"163","ASV175",15608,503,2368,11122
"166","ASV178",99,110,31109,665
"167","ASV179",20,738,13325,11108
"168","ASV180",1,8,9097,16976
"169","ASV181",1,60,15623,9913
"172","ASV184",97,4378,9428,13353
"173","ASV185",8,12,20517,3592
"174","ASV186",6591,217,3452,16346
"175","ASV187",3,1,792,22739
"178","ASV193",1,111,6331,15421
"179","ASV194",52,15,20619,1161
"180","ASV195",20898,257,98,495
"186","ASV201",30,1,77,21353
"187","ASV202",11,269,17385,2726
"189","ASV205",18551,13,57,1084
"191","ASV207",4,10654,8916,117
"192","ASV208",16,3,11372,7891
"193","ASV209",400,305,8361,10526
"198","ASV214",27,10399,8026,495
"205","ASV222",10895,163,6774,490
"207","ASV225",2,31,14957,3119
"208","ASV226",24,64,17729,867
"210","ASV228",763,3119,13323,488
"214","ASV232",18962,68,185,115
"217","ASV237",8,1,16820,332
"218","ASV238",5,1326,633,14288
"219","ASV239",1577,43,1293,13980
"220","ASV240",8,5993,10374,262
"221","ASV241",1,114,4725,11942
"225","ASV245",22,84,17917,659
"226","ASV246",6,7,15967,268
"231","ASV251",1,395,599,14335
"232","ASV252",14598,1130,26,103
"234","ASV254",2,9400,3895,2176
"237","ASV257",6,1091,869,12572
"240","ASV260",6,11614,3010,415
"241","ASV261",2,27,5482,9175
"242","ASV262",3285,82,457,11035
"246","ASV266",2,788,8775,5003
"247","ASV267",121,2,207,14829
"248","ASV268",2233,1459,794,9941
"249","ASV269",2112,2,11418,818
"250","ASV270",2,556,9134,4462
"257","ASV277",1,226,333,13092
"258","ASV278",2,7087,130,7192
"260","ASV280",37,2,1359,12024
"261","ASV281",293,4578,2918,5043
"263","ASV284",13,47,4652,8652
"264","ASV285",4,74,744,12231
"267","ASV288",76,11,7530,5279
"268","ASV289",21,69,5794,7134
"272","ASV295",6,16,1926,10490
"278","ASV301",3,352,176,11756
"279","ASV302",1,403,10806,1245
"282","ASV305",21,11,9509,2386
"286","ASV309",3575,305,6645,1303
"287","ASV310",69,66,2727,13298
"288","ASV312",1250,72,567,9806
"292","ASV316",6416,154,179,4281
"294","ASV318",1,30,10699,165
"297","ASV321",13,1082,10984,89
"300","ASV324",27,10014,109,531
"302","ASV326",6,1078,10234,382
"303","ASV327",2,1592,1048,9133
"304","ASV328",2,3347,1872,5299
"305","ASV329",7709,317,1400,813
"306","ASV330",236,337,49,9827
"309","ASV333",7281,39,2,2903
"310","ASV334",209,988,38,8894
"319","ASV343",21,19,5692,4449
"320","ASV345",697,3644,3444,964
"324","ASV349",79,96,1536,7831
"334","ASV359",8245,686,194,123
"339","ASV364",45,5,8193,1981
"341","ASV368",17,67,6516,2501
"356","ASV387",2,5657,2315,184
"359","ASV390",8,262,6580,1589
"361","ASV392",12,146,6707,1075
"363","ASV394",9,3659,2187,2538
"369","ASV402",2,72,5838,1769
"377","ASV410",339,1773,55,6017
"378","ASV411",4,51,6708,841
"382","ASV415",14,5132,1799,462
"383","ASV416",1,568,97,6810
"386","ASV419",1,31,5715,1477
"391","ASV424",8,1456,5140,703
"397","ASV430",223,529,26,6293
"405","ASV439",5,4,4174,2925
"410","ASV445",17,75,5960,661
"413","ASV448",2,53,3495,3175
"414","ASV449",5,5,6563,69
"415","ASV450",2997,3327,126,87
"426","ASV463",6,635,503,5022
"428","ASV465",3,63,2280,3915
"431","ASV468",163,5324,1359,283
"435","ASV472",62,138,6343,15
"437","ASV474",4478,484,1001,170
"440","ASV477",2162,276,979,2589
"443","ASV480",144,49,964,4840
"450","ASV487",31,430,175,5352
"452","ASV490",2784,9,832,2103
"453","ASV491",4,133,1732,3950
"456","ASV495",5586,5,1,180
"461","ASV500",2979,919,881,1285
"466","ASV507",2031,1616,1428,582
"467","ASV509",3,6,1564,4022
"471","ASV513",8,77,4514,938
"482","ASV524",1,1,5438,437
"488","ASV530",106,4180,171,730
"489","ASV531",1,114,173,4893
"499","ASV542",3273,20,353,1381
"502","ASV546",1,3,2600,3085
"510","ASV554",447,21,196,4200
"517","ASV562",718,96,548,3399
"522","ASV568",1608,726,1864,545
"527","ASV573",13,11,1510,5360
"537","ASV587",2,221,2648,1268
"542","ASV594",2809,21,1317,237
"554","ASV609",1,39,4142,40
"561","ASV617",9,2,3491,598
"563","ASV619",42,1440,2491,68
"573","ASV631",3047,23,1407,146
"577","ASV637",4,57,2871,917
"581","ASV644",3,203,2544,1055
"585","ASV649",1,1106,1111,1481
"596","ASV661",44,953,757,1791
"604","ASV670",2,4,2878,713
"609","ASV675",5,54,192,3302
"611","ASV677",20,9,3313,216
"613","ASV679",7,1269,1749,855
"619","ASV685",6,379,138,2446
"626","ASV694",290,1043,1483,467
"627","ASV695",47,1131,478,1710
"631","ASV699",8,1498,629,645
"636","ASV705",2,1,2108,1200
"649","ASV720",14,2543,182,406
"661","ASV735",2,2,1502,1536
"665","ASV739",1,2,380,2632
"667","ASV741",2891,164,15,60
"668","ASV743",1320,1589,34,5
"673","ASV749",1098,654,498,718
"691","ASV773",3,18,2679,136
"711","ASV797",4,2,2577,99
"712","ASV799",9,10,3004,324
"723","ASV813",45,334,690,1562
"732","ASV825",1,1,2532,57
"736","ASV829",1,3,1752,905
"738","ASV831",1,117,214,2083
"740","ASV833",2010,260,52,235
"741","ASV835",2,40,142,2377
"752","ASV848",68,260,1779,204
"757","ASV853",1,2,2623,441
"758","ASV854",1,69,139,1859
"764","ASV860",9,2,1623,935
"765","ASV861",10,1677,622,130
"768","ASV865",218,22,986,1197
"775","ASV873",1816,18,50,432
"783","ASV883",2249,5,2,95
"786","ASV887",2,2160,78,101
"792","ASV894",3,16,2232,48
"800","ASV903",2,414,91,1808
"807","ASV912",4,796,865,797
"811","ASV917",272,202,94,1618
"826","ASV936",1910,93,67,46
"827","ASV937",15,7,739,1368
"849","ASV967",751,8,268,1041
"870","ASV991",564,47,261,1077
"877","ASV1003",1,303,254,1069
"879","ASV1005",10,22,1192,715
"902","ASV1037",1697,71,28,12
"910","ASV1047",141,123,32,1550
"918","ASV1058",2,73,1568,106
"920","ASV1060",50,1,866,819
"942","ASV1093",4,300,459,914
"943","ASV1094",1,1351,159,170
"953","ASV1108",1,169,225,1246
"955","ASV1110",1,393,1217,28
"968","ASV1130",2,1561,10,25
"981","ASV1144",1,1,986,591
"991","ASV1156",14,1198,274,63
"994","ASV1160",3,845,590,102
"1001","ASV1167",2,1,1035,490
"1002","ASV1169",48,28,573,870
"1003","ASV1173",1,2,963,545
"1019","ASV1189",49,98,751,629
"1025","ASV1195",1,1,438,1033
"1051","ASV1223",5,3,560,862
"1058","ASV1230",22,490,131,781
"1064","ASV1236",2,20,1173,569
"1073","ASV1246",1,28,557,593
"1102","ASV1279",93,151,23,1103
"1106","ASV1287",3,4,891,419
"1115","ASV1300",14,434,278,356
"1119","ASV1304",9,1,888,383
"1127","ASV1314",11,7,1125,120
"1130","ASV1317",13,1,995,246
"1132","ASV1320",1,69,45,1051
"1155","ASV1351",3,1129,77,8
"1196","ASV1411",309,107,670,41
"1216","ASV1439",1,26,534,536
"1227","ASV1456",115,249,125,443
"1254","ASV1495",448,526,39,13
"1259","ASV1502",1,6,983,26
"1262","ASV1505",6,769,113,126
"1268","ASV1515",890,9,3,93
"1285","ASV1534",52,239,199,200
"1286","ASV1535",2,9,721,258
"1296","ASV1546",2,2,931,44
"1299","ASV1549",13,215,765,25
"1309","ASV1562",9,2,1582,209
"1341","ASV1605",2,772,75,60
"1343","ASV1608",5,42,31,833
"1359","ASV1631",1,1,181,705
"1370","ASV1645",747,2,116,11
"1418","ASV1709",110,332,51,329
"1456","ASV1761",1,562,97,124
"1463","ASV1770",214,399,111,51
"1508","ASV1832",1,56,180,515
"1511","ASV1835",2,27,669,22
"1525","ASV1858",9,169,15,509
"1540","ASV1879",42,8,105,713
"1543","ASV1882",6,16,33,637
"1556","ASV1900",3,4,507,167
"1600","ASV1967",37,3,15,584
"1627","ASV2004",288,245,72,16
"1628","ASV2005",1,172,112,336
"1654","ASV2039",4,3,129,471
"1672","ASV2071",1,1,398,188
"1677","ASV2077",111,6,89,345
"1726","ASV2140",84,19,21,425
"1740","ASV2158",1,51,49,405
"1741","ASV2160",1,372,34,133
"1766","ASV2195",2,338,119,70
"1816","ASV2267",12,16,6,444
"1866","ASV2342",75,4,317,78
"1868","ASV2345",19,9,307,137
"1934","ASV2458",15,12,79,325
"2041","ASV2634",3,23,194,161
"2079","ASV2684",245,97,7,19
"2127","ASV2763",1,2,179,169
"2140","ASV2783",318,15,8,6
"2144","ASV2789",308,3,6,53
"2188","ASV2862",394,32,6,41
"2196","ASV2874",244,81,10,14
"2221","ASV2923",38,101,25,226
"2288","ASV3039",1,104,107,83
"2365","ASV3168",2,22,12,221
"2371","ASV3177",2,44,61,63
"2767","ASV3935",152,2,11,3
"2943","ASV4263",1,2,117,23
"3061","ASV4546",19,4,28,73
"3062","ASV4548",1,87,23,13
"3092","ASV4606",2,46,38,34
"3170","ASV4797",92,24,9,31
"3286","ASV5093",41,6,24,22
"3346","ASV5281",35,11,3,42
"3381","ASV5396",37,2,6,37
"572","ASV630",105,0,0,3808
"928","ASV1077",111,0,0,1612
"1138","ASV1326",7,0,0,1237
"1143","ASV1331",27,0,0,1209
"1165","ASV1362",188,0,0,1002
"1274","ASV1521",111,0,0,910
"1460","ASV1766",65,0,0,1287
"2508","ASV3424",202,0,0,28
"2519","ASV3446",57,0,0,169
"2564","ASV3537",181,0,0,33
"2650","ASV3679",88,0,0,108
"3313","ASV5176",86,0,0,4
"3572","ASV6057",31,0,0,30
"3798","ASV7067",10,0,0,30
"3846","ASV7537",15,0,0,18
"3940","ASV8467",15,0,0,6
"3949","ASV8520",12,0,0,9
"3998","ASV9186",3,0,0,21
"28","ASV29",448,0,103105,166540
"153","ASV164",2,0,173,31067
"307","ASV331",128,0,9727,595
"323","ASV348",5,0,7563,2051
"328","ASV353",427,0,106,8540
"335","ASV360",1,0,3895,5347
"357","ASV388",1,0,305,8048
"403","ASV437",6426,0,1,533
"407","ASV441",1,0,1648,5129
"434","ASV471",39,0,3642,2750
"454","ASV493",72,0,141,5585
"463","ASV504",380,0,15,5219
"472","ASV514",8,0,4,5479
"481","ASV523",116,0,2,5197
"495","ASV538",10,0,3742,1425
"509","ASV553",18,0,4544,291
"516","ASV561",5,0,1173,3608
"518","ASV563",2820,0,1746,207
"541","ASV593",64,0,31,4336
"579","ASV639",4,0,1442,3541
"593","ASV658",25,0,681,2968
"675","ASV751",13,0,2588,354
"693","ASV775",2,0,2902,44
"724","ASV814",1,0,577,2054
"788","ASV890",1,0,1124,1183
"798","ASV901",1730,0,454,15
"799","ASV902",2,0,1204,1757
"819","ASV927",8,0,986,1162
"838","ASV950",14,0,1919,212
"840","ASV954",1,0,1874,205
"903","ASV1039",8,0,930,996
"930","ASV1079",43,0,1,1660
"950","ASV1105",1,0,1254,393
"1005","ASV1175",12,0,708,789
"1015","ASV1185",288,0,331,875
"1079","ASV1253",101,0,16,1264
"1103","ASV1280",1,0,1217,100
"1124","ASV1310",2,0,634,721
"1164","ASV1361",1,0,229,971
"1166","ASV1363",2,0,711,487
"1246","ASV1485",1,0,105,927
"1337","ASV1601",1,0,779,187
"1405","ASV1692",1,0,802,35
"1467","ASV1774",1,0,119,669
"1483","ASV1798",2,0,682,63
"1493","ASV1808",944,0,4,9
"1514","ASV1839",2,0,445,269
"1570","ASV1924",2,0,185,475
"1591","ASV1952",2,0,626,21
"1686","ASV2090",5,0,488,86
"1731","ASV2145",3,0,423,206
"1806","ASV2253",172,0,270,62
"1902","ASV2410",1,0,434,14
"1936","ASV2460",1,0,282,150
"1938","ASV2466",1,0,374,56
"2323","ASV3098",14,0,41,227
"3019","ASV4440",74,0,9,48
"3412","ASV5472",1,0,42,37
"209","ASV227",17873,12,0,204
"313","ASV337",491,2269,0,7388
"664","ASV738",14,432,0,2875
"707","ASV793",2636,7,0,57
"1146","ASV1339",53,136,0,1038
"1550","ASV1890",647,15,0,22
"1589","ASV1949",153,45,0,452
"2017","ASV2590",4,54,0,336
"2368","ASV3173",1,255,0,14
"2439","ASV3306",22,26,0,201
"2668","ASV3716",7,117,0,93
"2785","ASV3968",127,29,0,9
"2918","ASV4223",25,1,0,120
"2970","ASV4324",14,12,0,4
"3804","ASV7102",14,11,0,15
